<?xml version="1.0"?>
<!DOCTYPE package-info SYSTEM "http://www.simplemachines.org/xml/package-info">

<package-info xmlns="http://www.simplemachines.org/xml/package-info" xmlns:smf="http://www.simplemachines.org/">
        <id>Inter:SimpleGravatar</id>
        <name>Simple Gravatar</name>
        <version>rc5</version>
        <type>modification</type>
	<install for="2.0 - 2.0.99">
		<readme type="inline">This will install Simple Gravatar for SMF 2.0.2</readme>
		<modification>install2.xml</modification>
		<require-file name="Subs-Gravatar.php" destination="$sourcedir" />
		<require-dir name="languages" destination="$themedir" />
		<code>install2.php</code>
		<redirect url="?action=admin;area=modsettings;" timeout="1000" />
	</install>
	
	<uninstall for="2.0 - 2.0.99">
		<readme type="inline">This will uninstall Simple Gravatar for SMF 2.0.2</readme>
		<modification reverse="true">install2.xml</modification>
		<remove-file name="$sourcedir/Subs-Gravatar.php" />
		<remove-file name="$languagedir/AdminGravatar.english.php" />
		<remove-file name="$languagedir/AdminGravatar.english-utf8.php" />
		<remove-file name="$languagedir/AdminGravatar.russian.php" />
		<remove-file name="$languagedir/AdminGravatar.russian-utf8.php" />
		<remove-file name="$languagedir/HelpGravatar.english.php" />
		<remove-file name="$languagedir/HelpGravatar.english-utf8.php" />
		<remove-file name="$languagedir/HelpGravatar.russian.php" />
		<remove-file name="$languagedir/HelpGravatar.russian-utf8.php" />
		<remove-file name="$languagedir/ProfileGravatar.english.php" />
		<remove-file name="$languagedir/ProfileGravatar.english-utf8.php" />
		<remove-file name="$languagedir/ProfileGravatar.russian.php" />
		<remove-file name="$languagedir/ProfileGravatar.russian-utf8.php" />
		<code>uninstall2.php</code>
		<redirect url="?action=admin;area=packages;sa=browse;" timeout="1000" />
	</uninstall>
</package-info>